text,label
It is too dark in here please switch on lamps in living room,LightControl
Turn on the chandelier lights above dining table,LightControl
Dim the bedroom ceiling lamps to thirty percent brightness,LightControl
Switch off all lights when leaving the house,LightControl
Brighten the kitchen counter lights for cooking,LightControl
Turn the bedside reading lamp on warm white color,LightControl
Set hallway floor lights to nightlight mode,LightControl
Please illuminate the backyard patio and garden lights,LightControl
Turn off the basement desk lamp and corridor lights,LightControl
It is getting dark please brighten living room chandelier and lamps,LightControl
Adjust lighting brightness in study room to maximum,LightControl
Switch on ambient LED strip lighting behind television,LightControl
Turn on garage ceiling fluorescent lamps,LightControl
Dim lights in movie theater room to ten percent,LightControl
Turn off bathroom mirror lights after 5 minutes,LightControl
It is too dark in here please switch on lamps in living room command executed for room 7,LightControl
Turn on the chandelier lights above dining table right now please confirm Zigbee action,LightControl
Dim the bedroom ceiling lamps to thirty percent brightness via offline smart home voice assistant,LightControl
Switch off all lights when leaving the house automated routine schedule 8,LightControl
Brighten the kitchen counter lights for cooking voice prompt dispatch priority,LightControl
Turn the bedside reading lamp on warm white color command executed for room 4,LightControl
Set hallway floor lights to nightlight mode right now please confirm Zigbee action,LightControl
Please illuminate the backyard patio and garden lights via offline smart home voice assistant,LightControl
Turn off the basement desk lamp and corridor lights automated routine schedule 3,LightControl
It is getting dark please brighten living room chandelier and lamps voice prompt dispatch priority,LightControl
Adjust lighting brightness in study room to maximum command executed for room 1,LightControl
Switch on ambient LED strip lighting behind television right now please confirm Zigbee action,LightControl
Turn on garage ceiling fluorescent lamps via offline smart home voice assistant,LightControl
Dim lights in movie theater room to ten percent automated routine schedule 8,LightControl
Turn off bathroom mirror lights after 5 minutes voice prompt dispatch priority,LightControl
It is too dark in here please switch on lamps in living room command executed for room 6,LightControl
Turn on the chandelier lights above dining table right now please confirm Zigbee action,LightControl
Dim the bedroom ceiling lamps to thirty percent brightness via offline smart home voice assistant,LightControl
Switch off all lights when leaving the house automated routine schedule 3,LightControl
Brighten the kitchen counter lights for cooking voice prompt dispatch priority,LightControl
Turn the bedside reading lamp on warm white color command executed for room 3,LightControl
Set hallway floor lights to nightlight mode right now please confirm Zigbee action,LightControl
Please illuminate the backyard patio and garden lights via offline smart home voice assistant,LightControl
Turn off the basement desk lamp and corridor lights automated routine schedule 8,LightControl
It is getting dark please brighten living room chandelier and lamps voice prompt dispatch priority,LightControl
Adjust lighting brightness in study room to maximum command executed for room 0,LightControl
Switch on ambient LED strip lighting behind television right now please confirm Zigbee action,LightControl
Turn on garage ceiling fluorescent lamps via offline smart home voice assistant,LightControl
Dim lights in movie theater room to ten percent automated routine schedule 3,LightControl
Turn off bathroom mirror lights after 5 minutes voice prompt dispatch priority,LightControl
It is too dark in here please switch on lamps in living room command executed for room 5,LightControl
Turn on the chandelier lights above dining table right now please confirm Zigbee action,LightControl
Dim the bedroom ceiling lamps to thirty percent brightness via offline smart home voice assistant,LightControl
Switch off all lights when leaving the house automated routine schedule 8,LightControl
Brighten the kitchen counter lights for cooking voice prompt dispatch priority,LightControl
Turn the bedside reading lamp on warm white color command executed for room 2,LightControl
Set hallway floor lights to nightlight mode right now please confirm Zigbee action,LightControl
Please illuminate the backyard patio and garden lights via offline smart home voice assistant,LightControl
Turn off the basement desk lamp and corridor lights automated routine schedule 3,LightControl
It is getting dark please brighten living room chandelier and lamps voice prompt dispatch priority,LightControl
Adjust lighting brightness in study room to maximum command executed for room 7,LightControl
Switch on ambient LED strip lighting behind television right now please confirm Zigbee action,LightControl
Turn on garage ceiling fluorescent lamps via offline smart home voice assistant,LightControl
Dim lights in movie theater room to ten percent automated routine schedule 8,LightControl
Turn off bathroom mirror lights after 5 minutes voice prompt dispatch priority,LightControl
It is too dark in here please switch on lamps in living room command executed for room 4,LightControl
Turn on the chandelier lights above dining table right now please confirm Zigbee action,LightControl
Dim the bedroom ceiling lamps to thirty percent brightness via offline smart home voice assistant,LightControl
Switch off all lights when leaving the house automated routine schedule 3,LightControl
Brighten the kitchen counter lights for cooking voice prompt dispatch priority,LightControl
Turn the bedside reading lamp on warm white color command executed for room 1,LightControl
Set hallway floor lights to nightlight mode right now please confirm Zigbee action,LightControl
Please illuminate the backyard patio and garden lights via offline smart home voice assistant,LightControl
Turn off the basement desk lamp and corridor lights automated routine schedule 8,LightControl
It is getting dark please brighten living room chandelier and lamps voice prompt dispatch priority,LightControl
Adjust lighting brightness in study room to maximum command executed for room 6,LightControl
Switch on ambient LED strip lighting behind television right now please confirm Zigbee action,LightControl
Turn on garage ceiling fluorescent lamps via offline smart home voice assistant,LightControl
Dim lights in movie theater room to ten percent automated routine schedule 3,LightControl
Turn off bathroom mirror lights after 5 minutes voice prompt dispatch priority,LightControl
It is too dark in here please switch on lamps in living room command executed for room 3,LightControl
Turn on the chandelier lights above dining table right now please confirm Zigbee action,LightControl
Dim the bedroom ceiling lamps to thirty percent brightness via offline smart home voice assistant,LightControl
Switch off all lights when leaving the house automated routine schedule 8,LightControl
Brighten the kitchen counter lights for cooking voice prompt dispatch priority,LightControl
Turn the bedside reading lamp on warm white color command executed for room 0,LightControl
Set hallway floor lights to nightlight mode right now please confirm Zigbee action,LightControl
Please illuminate the backyard patio and garden lights via offline smart home voice assistant,LightControl
Turn off the basement desk lamp and corridor lights automated routine schedule 3,LightControl
It is getting dark please brighten living room chandelier and lamps voice prompt dispatch priority,LightControl
Adjust lighting brightness in study room to maximum command executed for room 5,LightControl
Switch on ambient LED strip lighting behind television right now please confirm Zigbee action,LightControl
Turn on garage ceiling fluorescent lamps via offline smart home voice assistant,LightControl
Dim lights in movie theater room to ten percent automated routine schedule 8,LightControl
Turn off bathroom mirror lights after 5 minutes voice prompt dispatch priority,LightControl
It is too dark in here please switch on lamps in living room command executed for room 2,LightControl
Turn on the chandelier lights above dining table right now please confirm Zigbee action,LightControl
Dim the bedroom ceiling lamps to thirty percent brightness via offline smart home voice assistant,LightControl
Switch off all lights when leaving the house automated routine schedule 3,LightControl
Brighten the kitchen counter lights for cooking voice prompt dispatch priority,LightControl
Turn the bedside reading lamp on warm white color command executed for room 7,LightControl
Set hallway floor lights to nightlight mode right now please confirm Zigbee action,LightControl
Please illuminate the backyard patio and garden lights via offline smart home voice assistant,LightControl
Turn off the basement desk lamp and corridor lights automated routine schedule 8,LightControl
It is getting dark please brighten living room chandelier and lamps voice prompt dispatch priority,LightControl
Adjust lighting brightness in study room to maximum command executed for room 4,LightControl
Switch on ambient LED strip lighting behind television right now please confirm Zigbee action,LightControl
Turn on garage ceiling fluorescent lamps via offline smart home voice assistant,LightControl
Dim lights in movie theater room to ten percent automated routine schedule 3,LightControl
Turn off bathroom mirror lights after 5 minutes voice prompt dispatch priority,LightControl
It is too dark in here please switch on lamps in living room command executed for room 1,LightControl
Turn on the chandelier lights above dining table right now please confirm Zigbee action,LightControl
Dim the bedroom ceiling lamps to thirty percent brightness via offline smart home voice assistant,LightControl
Switch off all lights when leaving the house automated routine schedule 8,LightControl
Brighten the kitchen counter lights for cooking voice prompt dispatch priority,LightControl
Turn the bedside reading lamp on warm white color command executed for room 6,LightControl
Set hallway floor lights to nightlight mode right now please confirm Zigbee action,LightControl
Please illuminate the backyard patio and garden lights via offline smart home voice assistant,LightControl
Turn off the basement desk lamp and corridor lights automated routine schedule 3,LightControl
It is getting dark please brighten living room chandelier and lamps voice prompt dispatch priority,LightControl
Adjust lighting brightness in study room to maximum command executed for room 3,LightControl
Switch on ambient LED strip lighting behind television right now please confirm Zigbee action,LightControl
Turn on garage ceiling fluorescent lamps via offline smart home voice assistant,LightControl
Dim lights in movie theater room to ten percent automated routine schedule 8,LightControl
Turn off bathroom mirror lights after 5 minutes voice prompt dispatch priority,LightControl
It is too dark in here please switch on lamps in living room command executed for room 0,LightControl
Turn on the chandelier lights above dining table right now please confirm Zigbee action,LightControl
Dim the bedroom ceiling lamps to thirty percent brightness via offline smart home voice assistant,LightControl
Switch off all lights when leaving the house automated routine schedule 3,LightControl
Brighten the kitchen counter lights for cooking voice prompt dispatch priority,LightControl
Turn the bedside reading lamp on warm white color command executed for room 5,LightControl
Set hallway floor lights to nightlight mode right now please confirm Zigbee action,LightControl
Please illuminate the backyard patio and garden lights via offline smart home voice assistant,LightControl
Turn off the basement desk lamp and corridor lights automated routine schedule 8,LightControl
It is getting dark please brighten living room chandelier and lamps voice prompt dispatch priority,LightControl
Adjust lighting brightness in study room to maximum command executed for room 2,LightControl
Switch on ambient LED strip lighting behind television right now please confirm Zigbee action,LightControl
Turn on garage ceiling fluorescent lamps via offline smart home voice assistant,LightControl
Dim lights in movie theater room to ten percent automated routine schedule 3,LightControl
Turn off bathroom mirror lights after 5 minutes voice prompt dispatch priority,LightControl
It is too dark in here please switch on lamps in living room command executed for room 7,LightControl
Turn on the chandelier lights above dining table right now please confirm Zigbee action,LightControl
Dim the bedroom ceiling lamps to thirty percent brightness via offline smart home voice assistant,LightControl
Switch off all lights when leaving the house automated routine schedule 8,LightControl
Brighten the kitchen counter lights for cooking voice prompt dispatch priority,LightControl
Turn the bedside reading lamp on warm white color command executed for room 4,LightControl
Set hallway floor lights to nightlight mode right now please confirm Zigbee action,LightControl
Please illuminate the backyard patio and garden lights via offline smart home voice assistant,LightControl
Turn off the basement desk lamp and corridor lights automated routine schedule 3,LightControl
It is getting dark please brighten living room chandelier and lamps voice prompt dispatch priority,LightControl
Adjust lighting brightness in study room to maximum command executed for room 1,LightControl
Switch on ambient LED strip lighting behind television right now please confirm Zigbee action,LightControl
Turn on garage ceiling fluorescent lamps via offline smart home voice assistant,LightControl
Dim lights in movie theater room to ten percent automated routine schedule 8,LightControl
Turn off bathroom mirror lights after 5 minutes voice prompt dispatch priority,LightControl
It is too dark in here please switch on lamps in living room command executed for room 6,LightControl
Turn on the chandelier lights above dining table right now please confirm Zigbee action,LightControl
Dim the bedroom ceiling lamps to thirty percent brightness via offline smart home voice assistant,LightControl
Switch off all lights when leaving the house automated routine schedule 3,LightControl
Brighten the kitchen counter lights for cooking voice prompt dispatch priority,LightControl
Turn the bedside reading lamp on warm white color command executed for room 3,LightControl
Set hallway floor lights to nightlight mode right now please confirm Zigbee action,LightControl
Please illuminate the backyard patio and garden lights via offline smart home voice assistant,LightControl
Turn off the basement desk lamp and corridor lights automated routine schedule 8,LightControl
It is getting dark please brighten living room chandelier and lamps voice prompt dispatch priority,LightControl
Adjust lighting brightness in study room to maximum command executed for room 0,LightControl
Switch on ambient LED strip lighting behind television right now please confirm Zigbee action,LightControl
Turn on garage ceiling fluorescent lamps via offline smart home voice assistant,LightControl
Dim lights in movie theater room to ten percent automated routine schedule 3,LightControl
Turn off bathroom mirror lights after 5 minutes voice prompt dispatch priority,LightControl
It is too dark in here please switch on lamps in living room command executed for room 5,LightControl
Turn on the chandelier lights above dining table right now please confirm Zigbee action,LightControl
Dim the bedroom ceiling lamps to thirty percent brightness via offline smart home voice assistant,LightControl
Switch off all lights when leaving the house automated routine schedule 8,LightControl
Brighten the kitchen counter lights for cooking voice prompt dispatch priority,LightControl
Turn the bedside reading lamp on warm white color command executed for room 2,LightControl
Set hallway floor lights to nightlight mode right now please confirm Zigbee action,LightControl
Please illuminate the backyard patio and garden lights via offline smart home voice assistant,LightControl
Turn off the basement desk lamp and corridor lights automated routine schedule 3,LightControl
It is getting dark please brighten living room chandelier and lamps voice prompt dispatch priority,LightControl
Adjust lighting brightness in study room to maximum command executed for room 7,LightControl
Switch on ambient LED strip lighting behind television right now please confirm Zigbee action,LightControl
Turn on garage ceiling fluorescent lamps via offline smart home voice assistant,LightControl
Dim lights in movie theater room to ten percent automated routine schedule 8,LightControl
Turn off bathroom mirror lights after 5 minutes voice prompt dispatch priority,LightControl
It is too dark in here please switch on lamps in living room command executed for room 4,LightControl
Turn on the chandelier lights above dining table right now please confirm Zigbee action,LightControl
Dim the bedroom ceiling lamps to thirty percent brightness via offline smart home voice assistant,LightControl
Switch off all lights when leaving the house automated routine schedule 3,LightControl
Brighten the kitchen counter lights for cooking voice prompt dispatch priority,LightControl
Turn the bedside reading lamp on warm white color command executed for room 1,LightControl
Set hallway floor lights to nightlight mode right now please confirm Zigbee action,LightControl
Please illuminate the backyard patio and garden lights via offline smart home voice assistant,LightControl
Turn off the basement desk lamp and corridor lights automated routine schedule 8,LightControl
It is getting dark please brighten living room chandelier and lamps voice prompt dispatch priority,LightControl
Adjust lighting brightness in study room to maximum command executed for room 6,LightControl
Switch on ambient LED strip lighting behind television right now please confirm Zigbee action,LightControl
Turn on garage ceiling fluorescent lamps via offline smart home voice assistant,LightControl
Dim lights in movie theater room to ten percent automated routine schedule 3,LightControl
Turn off bathroom mirror lights after 5 minutes voice prompt dispatch priority,LightControl
It is too dark in here please switch on lamps in living room command executed for room 3,LightControl
Turn on the chandelier lights above dining table right now please confirm Zigbee action,LightControl
Dim the bedroom ceiling lamps to thirty percent brightness via offline smart home voice assistant,LightControl
Switch off all lights when leaving the house automated routine schedule 8,LightControl
Brighten the kitchen counter lights for cooking voice prompt dispatch priority,LightControl
Turn the bedside reading lamp on warm white color command executed for room 0,LightControl
Set hallway floor lights to nightlight mode right now please confirm Zigbee action,LightControl
Please illuminate the backyard patio and garden lights via offline smart home voice assistant,LightControl
Turn off the basement desk lamp and corridor lights automated routine schedule 3,LightControl
It is getting dark please brighten living room chandelier and lamps voice prompt dispatch priority,LightControl
Adjust lighting brightness in study room to maximum command executed for room 5,LightControl
Switch on ambient LED strip lighting behind television right now please confirm Zigbee action,LightControl
Turn on garage ceiling fluorescent lamps via offline smart home voice assistant,LightControl
Dim lights in movie theater room to ten percent automated routine schedule 8,LightControl
Turn off bathroom mirror lights after 5 minutes voice prompt dispatch priority,LightControl
It is too dark in here please switch on lamps in living room command executed for room 2,LightControl
Turn on the chandelier lights above dining table right now please confirm Zigbee action,LightControl
Dim the bedroom ceiling lamps to thirty percent brightness via offline smart home voice assistant,LightControl
Switch off all lights when leaving the house automated routine schedule 3,LightControl
Brighten the kitchen counter lights for cooking voice prompt dispatch priority,LightControl
Turn the bedside reading lamp on warm white color command executed for room 7,LightControl
Set hallway floor lights to nightlight mode right now please confirm Zigbee action,LightControl
Please illuminate the backyard patio and garden lights via offline smart home voice assistant,LightControl
Turn off the basement desk lamp and corridor lights automated routine schedule 8,LightControl
It is getting dark please brighten living room chandelier and lamps voice prompt dispatch priority,LightControl
Adjust lighting brightness in study room to maximum command executed for room 4,LightControl
Switch on ambient LED strip lighting behind television right now please confirm Zigbee action,LightControl
Turn on garage ceiling fluorescent lamps via offline smart home voice assistant,LightControl
Dim lights in movie theater room to ten percent automated routine schedule 3,LightControl
Turn off bathroom mirror lights after 5 minutes voice prompt dispatch priority,LightControl
It is too dark in here please switch on lamps in living room command executed for room 1,LightControl
Turn on the chandelier lights above dining table right now please confirm Zigbee action,LightControl
Dim the bedroom ceiling lamps to thirty percent brightness via offline smart home voice assistant,LightControl
Switch off all lights when leaving the house automated routine schedule 8,LightControl
Brighten the kitchen counter lights for cooking voice prompt dispatch priority,LightControl
Turn the bedside reading lamp on warm white color command executed for room 6,LightControl
Set hallway floor lights to nightlight mode right now please confirm Zigbee action,LightControl
Please illuminate the backyard patio and garden lights via offline smart home voice assistant,LightControl
Turn off the basement desk lamp and corridor lights automated routine schedule 3,LightControl
It is getting dark please brighten living room chandelier and lamps voice prompt dispatch priority,LightControl
Adjust lighting brightness in study room to maximum command executed for room 3,LightControl
Switch on ambient LED strip lighting behind television right now please confirm Zigbee action,LightControl
Turn on garage ceiling fluorescent lamps via offline smart home voice assistant,LightControl
Dim lights in movie theater room to ten percent automated routine schedule 8,LightControl
Turn off bathroom mirror lights after 5 minutes voice prompt dispatch priority,LightControl
It is too dark in here please switch on lamps in living room command executed for room 0,LightControl
Turn on the chandelier lights above dining table right now please confirm Zigbee action,LightControl
Dim the bedroom ceiling lamps to thirty percent brightness via offline smart home voice assistant,LightControl
Switch off all lights when leaving the house automated routine schedule 3,LightControl
Brighten the kitchen counter lights for cooking voice prompt dispatch priority,LightControl
Turn the bedside reading lamp on warm white color command executed for room 5,LightControl
Set hallway floor lights to nightlight mode right now please confirm Zigbee action,LightControl
Please illuminate the backyard patio and garden lights via offline smart home voice assistant,LightControl
Turn off the basement desk lamp and corridor lights automated routine schedule 8,LightControl
It is getting dark please brighten living room chandelier and lamps voice prompt dispatch priority,LightControl
Cooling mode on maximum fan speed in master bedroom,ClimateControl
Set living room temperature setpoint to 21 degrees celsius,ClimateControl
Turn on heating system the room feels too cold,ClimateControl
Switch Daikin HVAC thermostat to automatic climate control,ClimateControl
Increase fan speed on ceiling ventilator to high,ClimateControl
Lower air conditioner target temperature to 19 degrees,ClimateControl
Turn off heating in guest room to conserve energy,ClimateControl
Activate dehumidifier mode in basement laundry room,ClimateControl
Set air conditioning to eco cooling mode for the night,ClimateControl
Warm up the children bedroom temperature to 23 degrees,ClimateControl
Turn on air purifier ventilation to remove dust,ClimateControl
Adjust thermostat schedule for daytime heating,ClimateControl
Check current indoor temperature and set fan to low,ClimateControl
Turn off AC unit in living room windows are open,ClimateControl
Switch heat pump from heating to active cooling mode,ClimateControl
Cooling mode on maximum fan speed in master bedroom command executed for room 7,ClimateControl
Set living room temperature setpoint to 21 degrees celsius right now please confirm Zigbee action,ClimateControl
Turn on heating system the room feels too cold via offline smart home voice assistant,ClimateControl
Switch Daikin HVAC thermostat to automatic climate control automated routine schedule 8,ClimateControl
Increase fan speed on ceiling ventilator to high voice prompt dispatch priority,ClimateControl
Lower air conditioner target temperature to 19 degrees command executed for room 4,ClimateControl
Turn off heating in guest room to conserve energy right now please confirm Zigbee action,ClimateControl
Activate dehumidifier mode in basement laundry room via offline smart home voice assistant,ClimateControl
Set air conditioning to eco cooling mode for the night automated routine schedule 3,ClimateControl
Warm up the children bedroom temperature to 23 degrees voice prompt dispatch priority,ClimateControl
Turn on air purifier ventilation to remove dust command executed for room 1,ClimateControl
Adjust thermostat schedule for daytime heating right now please confirm Zigbee action,ClimateControl
Check current indoor temperature and set fan to low via offline smart home voice assistant,ClimateControl
Turn off AC unit in living room windows are open automated routine schedule 8,ClimateControl
Switch heat pump from heating to active cooling mode voice prompt dispatch priority,ClimateControl
Cooling mode on maximum fan speed in master bedroom command executed for room 6,ClimateControl
Set living room temperature setpoint to 21 degrees celsius right now please confirm Zigbee action,ClimateControl
Turn on heating system the room feels too cold via offline smart home voice assistant,ClimateControl
Switch Daikin HVAC thermostat to automatic climate control automated routine schedule 3,ClimateControl
Increase fan speed on ceiling ventilator to high voice prompt dispatch priority,ClimateControl
Lower air conditioner target temperature to 19 degrees command executed for room 3,ClimateControl
Turn off heating in guest room to conserve energy right now please confirm Zigbee action,ClimateControl
Activate dehumidifier mode in basement laundry room via offline smart home voice assistant,ClimateControl
Set air conditioning to eco cooling mode for the night automated routine schedule 8,ClimateControl
Warm up the children bedroom temperature to 23 degrees voice prompt dispatch priority,ClimateControl
Turn on air purifier ventilation to remove dust command executed for room 0,ClimateControl
Adjust thermostat schedule for daytime heating right now please confirm Zigbee action,ClimateControl
Check current indoor temperature and set fan to low via offline smart home voice assistant,ClimateControl
Turn off AC unit in living room windows are open automated routine schedule 3,ClimateControl
Switch heat pump from heating to active cooling mode voice prompt dispatch priority,ClimateControl
Cooling mode on maximum fan speed in master bedroom command executed for room 5,ClimateControl
Set living room temperature setpoint to 21 degrees celsius right now please confirm Zigbee action,ClimateControl
Turn on heating system the room feels too cold via offline smart home voice assistant,ClimateControl
Switch Daikin HVAC thermostat to automatic climate control automated routine schedule 8,ClimateControl
Increase fan speed on ceiling ventilator to high voice prompt dispatch priority,ClimateControl
Lower air conditioner target temperature to 19 degrees command executed for room 2,ClimateControl
Turn off heating in guest room to conserve energy right now please confirm Zigbee action,ClimateControl
Activate dehumidifier mode in basement laundry room via offline smart home voice assistant,ClimateControl
Set air conditioning to eco cooling mode for the night automated routine schedule 3,ClimateControl
Warm up the children bedroom temperature to 23 degrees voice prompt dispatch priority,ClimateControl
Turn on air purifier ventilation to remove dust command executed for room 7,ClimateControl
Adjust thermostat schedule for daytime heating right now please confirm Zigbee action,ClimateControl
Check current indoor temperature and set fan to low via offline smart home voice assistant,ClimateControl
Turn off AC unit in living room windows are open automated routine schedule 8,ClimateControl
Switch heat pump from heating to active cooling mode voice prompt dispatch priority,ClimateControl
Cooling mode on maximum fan speed in master bedroom command executed for room 4,ClimateControl
Set living room temperature setpoint to 21 degrees celsius right now please confirm Zigbee action,ClimateControl
Turn on heating system the room feels too cold via offline smart home voice assistant,ClimateControl
Switch Daikin HVAC thermostat to automatic climate control automated routine schedule 3,ClimateControl
Increase fan speed on ceiling ventilator to high voice prompt dispatch priority,ClimateControl
Lower air conditioner target temperature to 19 degrees command executed for room 1,ClimateControl
Turn off heating in guest room to conserve energy right now please confirm Zigbee action,ClimateControl
Activate dehumidifier mode in basement laundry room via offline smart home voice assistant,ClimateControl
Set air conditioning to eco cooling mode for the night automated routine schedule 8,ClimateControl
Warm up the children bedroom temperature to 23 degrees voice prompt dispatch priority,ClimateControl
Turn on air purifier ventilation to remove dust command executed for room 6,ClimateControl
Adjust thermostat schedule for daytime heating right now please confirm Zigbee action,ClimateControl
Check current indoor temperature and set fan to low via offline smart home voice assistant,ClimateControl
Turn off AC unit in living room windows are open automated routine schedule 3,ClimateControl
Switch heat pump from heating to active cooling mode voice prompt dispatch priority,ClimateControl
Cooling mode on maximum fan speed in master bedroom command executed for room 3,ClimateControl
Set living room temperature setpoint to 21 degrees celsius right now please confirm Zigbee action,ClimateControl
Turn on heating system the room feels too cold via offline smart home voice assistant,ClimateControl
Switch Daikin HVAC thermostat to automatic climate control automated routine schedule 8,ClimateControl
Increase fan speed on ceiling ventilator to high voice prompt dispatch priority,ClimateControl
Lower air conditioner target temperature to 19 degrees command executed for room 0,ClimateControl
Turn off heating in guest room to conserve energy right now please confirm Zigbee action,ClimateControl
Activate dehumidifier mode in basement laundry room via offline smart home voice assistant,ClimateControl
Set air conditioning to eco cooling mode for the night automated routine schedule 3,ClimateControl
Warm up the children bedroom temperature to 23 degrees voice prompt dispatch priority,ClimateControl
Turn on air purifier ventilation to remove dust command executed for room 5,ClimateControl
Adjust thermostat schedule for daytime heating right now please confirm Zigbee action,ClimateControl
Check current indoor temperature and set fan to low via offline smart home voice assistant,ClimateControl
Turn off AC unit in living room windows are open automated routine schedule 8,ClimateControl
Switch heat pump from heating to active cooling mode voice prompt dispatch priority,ClimateControl
Cooling mode on maximum fan speed in master bedroom command executed for room 2,ClimateControl
Set living room temperature setpoint to 21 degrees celsius right now please confirm Zigbee action,ClimateControl
Turn on heating system the room feels too cold via offline smart home voice assistant,ClimateControl
Switch Daikin HVAC thermostat to automatic climate control automated routine schedule 3,ClimateControl
Increase fan speed on ceiling ventilator to high voice prompt dispatch priority,ClimateControl
Lower air conditioner target temperature to 19 degrees command executed for room 7,ClimateControl
Turn off heating in guest room to conserve energy right now please confirm Zigbee action,ClimateControl
Activate dehumidifier mode in basement laundry room via offline smart home voice assistant,ClimateControl
Set air conditioning to eco cooling mode for the night automated routine schedule 8,ClimateControl
Warm up the children bedroom temperature to 23 degrees voice prompt dispatch priority,ClimateControl
Turn on air purifier ventilation to remove dust command executed for room 4,ClimateControl
Adjust thermostat schedule for daytime heating right now please confirm Zigbee action,ClimateControl
Check current indoor temperature and set fan to low via offline smart home voice assistant,ClimateControl
Turn off AC unit in living room windows are open automated routine schedule 3,ClimateControl
Switch heat pump from heating to active cooling mode voice prompt dispatch priority,ClimateControl
Cooling mode on maximum fan speed in master bedroom command executed for room 1,ClimateControl
Set living room temperature setpoint to 21 degrees celsius right now please confirm Zigbee action,ClimateControl
Turn on heating system the room feels too cold via offline smart home voice assistant,ClimateControl
Switch Daikin HVAC thermostat to automatic climate control automated routine schedule 8,ClimateControl
Increase fan speed on ceiling ventilator to high voice prompt dispatch priority,ClimateControl
Lower air conditioner target temperature to 19 degrees command executed for room 6,ClimateControl
Turn off heating in guest room to conserve energy right now please confirm Zigbee action,ClimateControl
Activate dehumidifier mode in basement laundry room via offline smart home voice assistant,ClimateControl
Set air conditioning to eco cooling mode for the night automated routine schedule 3,ClimateControl
Warm up the children bedroom temperature to 23 degrees voice prompt dispatch priority,ClimateControl
Turn on air purifier ventilation to remove dust command executed for room 3,ClimateControl
Adjust thermostat schedule for daytime heating right now please confirm Zigbee action,ClimateControl
Check current indoor temperature and set fan to low via offline smart home voice assistant,ClimateControl
Turn off AC unit in living room windows are open automated routine schedule 8,ClimateControl
Switch heat pump from heating to active cooling mode voice prompt dispatch priority,ClimateControl
Cooling mode on maximum fan speed in master bedroom command executed for room 0,ClimateControl
Set living room temperature setpoint to 21 degrees celsius right now please confirm Zigbee action,ClimateControl
Turn on heating system the room feels too cold via offline smart home voice assistant,ClimateControl
Switch Daikin HVAC thermostat to automatic climate control automated routine schedule 3,ClimateControl
Increase fan speed on ceiling ventilator to high voice prompt dispatch priority,ClimateControl
Lower air conditioner target temperature to 19 degrees command executed for room 5,ClimateControl
Turn off heating in guest room to conserve energy right now please confirm Zigbee action,ClimateControl
Activate dehumidifier mode in basement laundry room via offline smart home voice assistant,ClimateControl
Set air conditioning to eco cooling mode for the night automated routine schedule 8,ClimateControl
Warm up the children bedroom temperature to 23 degrees voice prompt dispatch priority,ClimateControl
Turn on air purifier ventilation to remove dust command executed for room 2,ClimateControl
Adjust thermostat schedule for daytime heating right now please confirm Zigbee action,ClimateControl
Check current indoor temperature and set fan to low via offline smart home voice assistant,ClimateControl
Turn off AC unit in living room windows are open automated routine schedule 3,ClimateControl
Switch heat pump from heating to active cooling mode voice prompt dispatch priority,ClimateControl
Cooling mode on maximum fan speed in master bedroom command executed for room 7,ClimateControl
Set living room temperature setpoint to 21 degrees celsius right now please confirm Zigbee action,ClimateControl
Turn on heating system the room feels too cold via offline smart home voice assistant,ClimateControl
Switch Daikin HVAC thermostat to automatic climate control automated routine schedule 8,ClimateControl
Increase fan speed on ceiling ventilator to high voice prompt dispatch priority,ClimateControl
Lower air conditioner target temperature to 19 degrees command executed for room 4,ClimateControl
Turn off heating in guest room to conserve energy right now please confirm Zigbee action,ClimateControl
Activate dehumidifier mode in basement laundry room via offline smart home voice assistant,ClimateControl
Set air conditioning to eco cooling mode for the night automated routine schedule 3,ClimateControl
Warm up the children bedroom temperature to 23 degrees voice prompt dispatch priority,ClimateControl
Turn on air purifier ventilation to remove dust command executed for room 1,ClimateControl
Adjust thermostat schedule for daytime heating right now please confirm Zigbee action,ClimateControl
Check current indoor temperature and set fan to low via offline smart home voice assistant,ClimateControl
Turn off AC unit in living room windows are open automated routine schedule 8,ClimateControl
Switch heat pump from heating to active cooling mode voice prompt dispatch priority,ClimateControl
Cooling mode on maximum fan speed in master bedroom command executed for room 6,ClimateControl
Set living room temperature setpoint to 21 degrees celsius right now please confirm Zigbee action,ClimateControl
Turn on heating system the room feels too cold via offline smart home voice assistant,ClimateControl
Switch Daikin HVAC thermostat to automatic climate control automated routine schedule 3,ClimateControl
Increase fan speed on ceiling ventilator to high voice prompt dispatch priority,ClimateControl
Lower air conditioner target temperature to 19 degrees command executed for room 3,ClimateControl
Turn off heating in guest room to conserve energy right now please confirm Zigbee action,ClimateControl
Activate dehumidifier mode in basement laundry room via offline smart home voice assistant,ClimateControl
Set air conditioning to eco cooling mode for the night automated routine schedule 8,ClimateControl
Warm up the children bedroom temperature to 23 degrees voice prompt dispatch priority,ClimateControl
Turn on air purifier ventilation to remove dust command executed for room 0,ClimateControl
Adjust thermostat schedule for daytime heating right now please confirm Zigbee action,ClimateControl
Check current indoor temperature and set fan to low via offline smart home voice assistant,ClimateControl
Turn off AC unit in living room windows are open automated routine schedule 3,ClimateControl
Switch heat pump from heating to active cooling mode voice prompt dispatch priority,ClimateControl
Cooling mode on maximum fan speed in master bedroom command executed for room 5,ClimateControl
Set living room temperature setpoint to 21 degrees celsius right now please confirm Zigbee action,ClimateControl
Turn on heating system the room feels too cold via offline smart home voice assistant,ClimateControl
Switch Daikin HVAC thermostat to automatic climate control automated routine schedule 8,ClimateControl
Increase fan speed on ceiling ventilator to high voice prompt dispatch priority,ClimateControl
Lower air conditioner target temperature to 19 degrees command executed for room 2,ClimateControl
Turn off heating in guest room to conserve energy right now please confirm Zigbee action,ClimateControl
Activate dehumidifier mode in basement laundry room via offline smart home voice assistant,ClimateControl
Set air conditioning to eco cooling mode for the night automated routine schedule 3,ClimateControl
Warm up the children bedroom temperature to 23 degrees voice prompt dispatch priority,ClimateControl
Turn on air purifier ventilation to remove dust command executed for room 7,ClimateControl
Adjust thermostat schedule for daytime heating right now please confirm Zigbee action,ClimateControl
Check current indoor temperature and set fan to low via offline smart home voice assistant,ClimateControl
Turn off AC unit in living room windows are open automated routine schedule 8,ClimateControl
Switch heat pump from heating to active cooling mode voice prompt dispatch priority,ClimateControl
Cooling mode on maximum fan speed in master bedroom command executed for room 4,ClimateControl
Set living room temperature setpoint to 21 degrees celsius right now please confirm Zigbee action,ClimateControl
Turn on heating system the room feels too cold via offline smart home voice assistant,ClimateControl
Switch Daikin HVAC thermostat to automatic climate control automated routine schedule 3,ClimateControl
Increase fan speed on ceiling ventilator to high voice prompt dispatch priority,ClimateControl
Lower air conditioner target temperature to 19 degrees command executed for room 1,ClimateControl
Turn off heating in guest room to conserve energy right now please confirm Zigbee action,ClimateControl
Activate dehumidifier mode in basement laundry room via offline smart home voice assistant,ClimateControl
Set air conditioning to eco cooling mode for the night automated routine schedule 8,ClimateControl
Warm up the children bedroom temperature to 23 degrees voice prompt dispatch priority,ClimateControl
Turn on air purifier ventilation to remove dust command executed for room 6,ClimateControl
Adjust thermostat schedule for daytime heating right now please confirm Zigbee action,ClimateControl
Check current indoor temperature and set fan to low via offline smart home voice assistant,ClimateControl
Turn off AC unit in living room windows are open automated routine schedule 3,ClimateControl
Switch heat pump from heating to active cooling mode voice prompt dispatch priority,ClimateControl
Cooling mode on maximum fan speed in master bedroom command executed for room 3,ClimateControl
Set living room temperature setpoint to 21 degrees celsius right now please confirm Zigbee action,ClimateControl
Turn on heating system the room feels too cold via offline smart home voice assistant,ClimateControl
Switch Daikin HVAC thermostat to automatic climate control automated routine schedule 8,ClimateControl
Increase fan speed on ceiling ventilator to high voice prompt dispatch priority,ClimateControl
Lower air conditioner target temperature to 19 degrees command executed for room 0,ClimateControl
Turn off heating in guest room to conserve energy right now please confirm Zigbee action,ClimateControl
Activate dehumidifier mode in basement laundry room via offline smart home voice assistant,ClimateControl
Set air conditioning to eco cooling mode for the night automated routine schedule 3,ClimateControl
Warm up the children bedroom temperature to 23 degrees voice prompt dispatch priority,ClimateControl
Turn on air purifier ventilation to remove dust command executed for room 5,ClimateControl
Adjust thermostat schedule for daytime heating right now please confirm Zigbee action,ClimateControl
Check current indoor temperature and set fan to low via offline smart home voice assistant,ClimateControl
Turn off AC unit in living room windows are open automated routine schedule 8,ClimateControl
Switch heat pump from heating to active cooling mode voice prompt dispatch priority,ClimateControl
Cooling mode on maximum fan speed in master bedroom command executed for room 2,ClimateControl
Set living room temperature setpoint to 21 degrees celsius right now please confirm Zigbee action,ClimateControl
Turn on heating system the room feels too cold via offline smart home voice assistant,ClimateControl
Switch Daikin HVAC thermostat to automatic climate control automated routine schedule 3,ClimateControl
Increase fan speed on ceiling ventilator to high voice prompt dispatch priority,ClimateControl
Lower air conditioner target temperature to 19 degrees command executed for room 7,ClimateControl
Turn off heating in guest room to conserve energy right now please confirm Zigbee action,ClimateControl
Activate dehumidifier mode in basement laundry room via offline smart home voice assistant,ClimateControl
Set air conditioning to eco cooling mode for the night automated routine schedule 8,ClimateControl
Warm up the children bedroom temperature to 23 degrees voice prompt dispatch priority,ClimateControl
Turn on air purifier ventilation to remove dust command executed for room 4,ClimateControl
Adjust thermostat schedule for daytime heating right now please confirm Zigbee action,ClimateControl
Check current indoor temperature and set fan to low via offline smart home voice assistant,ClimateControl
Turn off AC unit in living room windows are open automated routine schedule 3,ClimateControl
Switch heat pump from heating to active cooling mode voice prompt dispatch priority,ClimateControl
Cooling mode on maximum fan speed in master bedroom command executed for room 1,ClimateControl
Set living room temperature setpoint to 21 degrees celsius right now please confirm Zigbee action,ClimateControl
Turn on heating system the room feels too cold via offline smart home voice assistant,ClimateControl
Switch Daikin HVAC thermostat to automatic climate control automated routine schedule 8,ClimateControl
Increase fan speed on ceiling ventilator to high voice prompt dispatch priority,ClimateControl
Lower air conditioner target temperature to 19 degrees command executed for room 6,ClimateControl
Turn off heating in guest room to conserve energy right now please confirm Zigbee action,ClimateControl
Activate dehumidifier mode in basement laundry room via offline smart home voice assistant,ClimateControl
Set air conditioning to eco cooling mode for the night automated routine schedule 3,ClimateControl
Warm up the children bedroom temperature to 23 degrees voice prompt dispatch priority,ClimateControl
Turn on air purifier ventilation to remove dust command executed for room 3,ClimateControl
Adjust thermostat schedule for daytime heating right now please confirm Zigbee action,ClimateControl
Check current indoor temperature and set fan to low via offline smart home voice assistant,ClimateControl
Turn off AC unit in living room windows are open automated routine schedule 8,ClimateControl
Switch heat pump from heating to active cooling mode voice prompt dispatch priority,ClimateControl
Cooling mode on maximum fan speed in master bedroom command executed for room 0,ClimateControl
Set living room temperature setpoint to 21 degrees celsius right now please confirm Zigbee action,ClimateControl
Turn on heating system the room feels too cold via offline smart home voice assistant,ClimateControl
Switch Daikin HVAC thermostat to automatic climate control automated routine schedule 3,ClimateControl
Increase fan speed on ceiling ventilator to high voice prompt dispatch priority,ClimateControl
Lower air conditioner target temperature to 19 degrees command executed for room 5,ClimateControl
Turn off heating in guest room to conserve energy right now please confirm Zigbee action,ClimateControl
Activate dehumidifier mode in basement laundry room via offline smart home voice assistant,ClimateControl
Set air conditioning to eco cooling mode for the night automated routine schedule 8,ClimateControl
Warm up the children bedroom temperature to 23 degrees voice prompt dispatch priority,ClimateControl
Lock the front entrance smart door deadbolt immediately,DoorLock
Unlock front door deadbolt for delivery courier guest,DoorLock
Engage motorized deadbolt lock on rear patio sliding door,DoorLock
Check status if garage roller door is locked securely,DoorLock
Auto lock all exterior entry doors after midnight,DoorLock
Arm door security sensor and engage electronic lock,DoorLock
Unlock side gate electronic strike latch with guest passcode,DoorLock
Lock back porch door deadbolt before going to sleep,DoorLock
Is the front main entrance smart lock currently secured,DoorLock
Trigger deadbolt motorized latch to lock position,DoorLock
Grant temporary keypad access code for cleaning service,DoorLock
Engage safety deadlock on front security door,DoorLock
Lock garage entry door into the kitchen hallway,DoorLock
Unlock storage room magnetic door lock,DoorLock
Ensure all smart door deadbolts are locked and armed,DoorLock
Lock the front entrance smart door deadbolt immediately command executed for room 7,DoorLock
Unlock front door deadbolt for delivery courier guest right now please confirm Zigbee action,DoorLock
Engage motorized deadbolt lock on rear patio sliding door via offline smart home voice assistant,DoorLock
Check status if garage roller door is locked securely automated routine schedule 8,DoorLock
Auto lock all exterior entry doors after midnight voice prompt dispatch priority,DoorLock
Arm door security sensor and engage electronic lock command executed for room 4,DoorLock
Unlock side gate electronic strike latch with guest passcode right now please confirm Zigbee action,DoorLock
Lock back porch door deadbolt before going to sleep via offline smart home voice assistant,DoorLock
Is the front main entrance smart lock currently secured automated routine schedule 3,DoorLock
Trigger deadbolt motorized latch to lock position voice prompt dispatch priority,DoorLock
Grant temporary keypad access code for cleaning service command executed for room 1,DoorLock
Engage safety deadlock on front security door right now please confirm Zigbee action,DoorLock
Lock garage entry door into the kitchen hallway via offline smart home voice assistant,DoorLock
Unlock storage room magnetic door lock automated routine schedule 8,DoorLock
Ensure all smart door deadbolts are locked and armed voice prompt dispatch priority,DoorLock
Lock the front entrance smart door deadbolt immediately command executed for room 6,DoorLock
Unlock front door deadbolt for delivery courier guest right now please confirm Zigbee action,DoorLock
Engage motorized deadbolt lock on rear patio sliding door via offline smart home voice assistant,DoorLock
Check status if garage roller door is locked securely automated routine schedule 3,DoorLock
Auto lock all exterior entry doors after midnight voice prompt dispatch priority,DoorLock
Arm door security sensor and engage electronic lock command executed for room 3,DoorLock
Unlock side gate electronic strike latch with guest passcode right now please confirm Zigbee action,DoorLock
Lock back porch door deadbolt before going to sleep via offline smart home voice assistant,DoorLock
Is the front main entrance smart lock currently secured automated routine schedule 8,DoorLock
Trigger deadbolt motorized latch to lock position voice prompt dispatch priority,DoorLock
Grant temporary keypad access code for cleaning service command executed for room 0,DoorLock
Engage safety deadlock on front security door right now please confirm Zigbee action,DoorLock
Lock garage entry door into the kitchen hallway via offline smart home voice assistant,DoorLock
Unlock storage room magnetic door lock automated routine schedule 3,DoorLock
Ensure all smart door deadbolts are locked and armed voice prompt dispatch priority,DoorLock
Lock the front entrance smart door deadbolt immediately command executed for room 5,DoorLock
Unlock front door deadbolt for delivery courier guest right now please confirm Zigbee action,DoorLock
Engage motorized deadbolt lock on rear patio sliding door via offline smart home voice assistant,DoorLock
Check status if garage roller door is locked securely automated routine schedule 8,DoorLock
Auto lock all exterior entry doors after midnight voice prompt dispatch priority,DoorLock
Arm door security sensor and engage electronic lock command executed for room 2,DoorLock
Unlock side gate electronic strike latch with guest passcode right now please confirm Zigbee action,DoorLock
Lock back porch door deadbolt before going to sleep via offline smart home voice assistant,DoorLock
Is the front main entrance smart lock currently secured automated routine schedule 3,DoorLock
Trigger deadbolt motorized latch to lock position voice prompt dispatch priority,DoorLock
Grant temporary keypad access code for cleaning service command executed for room 7,DoorLock
Engage safety deadlock on front security door right now please confirm Zigbee action,DoorLock
Lock garage entry door into the kitchen hallway via offline smart home voice assistant,DoorLock
Unlock storage room magnetic door lock automated routine schedule 8,DoorLock
Ensure all smart door deadbolts are locked and armed voice prompt dispatch priority,DoorLock
Lock the front entrance smart door deadbolt immediately command executed for room 4,DoorLock
Unlock front door deadbolt for delivery courier guest right now please confirm Zigbee action,DoorLock
Engage motorized deadbolt lock on rear patio sliding door via offline smart home voice assistant,DoorLock
Check status if garage roller door is locked securely automated routine schedule 3,DoorLock
Auto lock all exterior entry doors after midnight voice prompt dispatch priority,DoorLock
Arm door security sensor and engage electronic lock command executed for room 1,DoorLock
Unlock side gate electronic strike latch with guest passcode right now please confirm Zigbee action,DoorLock
Lock back porch door deadbolt before going to sleep via offline smart home voice assistant,DoorLock
Is the front main entrance smart lock currently secured automated routine schedule 8,DoorLock
Trigger deadbolt motorized latch to lock position voice prompt dispatch priority,DoorLock
Grant temporary keypad access code for cleaning service command executed for room 6,DoorLock
Engage safety deadlock on front security door right now please confirm Zigbee action,DoorLock
Lock garage entry door into the kitchen hallway via offline smart home voice assistant,DoorLock
Unlock storage room magnetic door lock automated routine schedule 3,DoorLock
Ensure all smart door deadbolts are locked and armed voice prompt dispatch priority,DoorLock
Lock the front entrance smart door deadbolt immediately command executed for room 3,DoorLock
Unlock front door deadbolt for delivery courier guest right now please confirm Zigbee action,DoorLock
Engage motorized deadbolt lock on rear patio sliding door via offline smart home voice assistant,DoorLock
Check status if garage roller door is locked securely automated routine schedule 8,DoorLock
Auto lock all exterior entry doors after midnight voice prompt dispatch priority,DoorLock
Arm door security sensor and engage electronic lock command executed for room 0,DoorLock
Unlock side gate electronic strike latch with guest passcode right now please confirm Zigbee action,DoorLock
Lock back porch door deadbolt before going to sleep via offline smart home voice assistant,DoorLock
Is the front main entrance smart lock currently secured automated routine schedule 3,DoorLock
Trigger deadbolt motorized latch to lock position voice prompt dispatch priority,DoorLock
Grant temporary keypad access code for cleaning service command executed for room 5,DoorLock
Engage safety deadlock on front security door right now please confirm Zigbee action,DoorLock
Lock garage entry door into the kitchen hallway via offline smart home voice assistant,DoorLock
Unlock storage room magnetic door lock automated routine schedule 8,DoorLock
Ensure all smart door deadbolts are locked and armed voice prompt dispatch priority,DoorLock
Lock the front entrance smart door deadbolt immediately command executed for room 2,DoorLock
Unlock front door deadbolt for delivery courier guest right now please confirm Zigbee action,DoorLock
Engage motorized deadbolt lock on rear patio sliding door via offline smart home voice assistant,DoorLock
Check status if garage roller door is locked securely automated routine schedule 3,DoorLock
Auto lock all exterior entry doors after midnight voice prompt dispatch priority,DoorLock
Arm door security sensor and engage electronic lock command executed for room 7,DoorLock
Unlock side gate electronic strike latch with guest passcode right now please confirm Zigbee action,DoorLock
Lock back porch door deadbolt before going to sleep via offline smart home voice assistant,DoorLock
Is the front main entrance smart lock currently secured automated routine schedule 8,DoorLock
Trigger deadbolt motorized latch to lock position voice prompt dispatch priority,DoorLock
Grant temporary keypad access code for cleaning service command executed for room 4,DoorLock
Engage safety deadlock on front security door right now please confirm Zigbee action,DoorLock
Lock garage entry door into the kitchen hallway via offline smart home voice assistant,DoorLock
Unlock storage room magnetic door lock automated routine schedule 3,DoorLock
Ensure all smart door deadbolts are locked and armed voice prompt dispatch priority,DoorLock
Lock the front entrance smart door deadbolt immediately command executed for room 1,DoorLock
Unlock front door deadbolt for delivery courier guest right now please confirm Zigbee action,DoorLock
Engage motorized deadbolt lock on rear patio sliding door via offline smart home voice assistant,DoorLock
Check status if garage roller door is locked securely automated routine schedule 8,DoorLock
Auto lock all exterior entry doors after midnight voice prompt dispatch priority,DoorLock
Arm door security sensor and engage electronic lock command executed for room 6,DoorLock
Unlock side gate electronic strike latch with guest passcode right now please confirm Zigbee action,DoorLock
Lock back porch door deadbolt before going to sleep via offline smart home voice assistant,DoorLock
Is the front main entrance smart lock currently secured automated routine schedule 3,DoorLock
Trigger deadbolt motorized latch to lock position voice prompt dispatch priority,DoorLock
Grant temporary keypad access code for cleaning service command executed for room 3,DoorLock
Engage safety deadlock on front security door right now please confirm Zigbee action,DoorLock
Lock garage entry door into the kitchen hallway via offline smart home voice assistant,DoorLock
Unlock storage room magnetic door lock automated routine schedule 8,DoorLock
Ensure all smart door deadbolts are locked and armed voice prompt dispatch priority,DoorLock
Lock the front entrance smart door deadbolt immediately command executed for room 0,DoorLock
Unlock front door deadbolt for delivery courier guest right now please confirm Zigbee action,DoorLock
Engage motorized deadbolt lock on rear patio sliding door via offline smart home voice assistant,DoorLock
Check status if garage roller door is locked securely automated routine schedule 3,DoorLock
Auto lock all exterior entry doors after midnight voice prompt dispatch priority,DoorLock
Arm door security sensor and engage electronic lock command executed for room 5,DoorLock
Unlock side gate electronic strike latch with guest passcode right now please confirm Zigbee action,DoorLock
Lock back porch door deadbolt before going to sleep via offline smart home voice assistant,DoorLock
Is the front main entrance smart lock currently secured automated routine schedule 8,DoorLock
Trigger deadbolt motorized latch to lock position voice prompt dispatch priority,DoorLock
Grant temporary keypad access code for cleaning service command executed for room 2,DoorLock
Engage safety deadlock on front security door right now please confirm Zigbee action,DoorLock
Lock garage entry door into the kitchen hallway via offline smart home voice assistant,DoorLock
Unlock storage room magnetic door lock automated routine schedule 3,DoorLock
Ensure all smart door deadbolts are locked and armed voice prompt dispatch priority,DoorLock
Lock the front entrance smart door deadbolt immediately command executed for room 7,DoorLock
Unlock front door deadbolt for delivery courier guest right now please confirm Zigbee action,DoorLock
Engage motorized deadbolt lock on rear patio sliding door via offline smart home voice assistant,DoorLock
Check status if garage roller door is locked securely automated routine schedule 8,DoorLock
Auto lock all exterior entry doors after midnight voice prompt dispatch priority,DoorLock
Arm door security sensor and engage electronic lock command executed for room 4,DoorLock
Unlock side gate electronic strike latch with guest passcode right now please confirm Zigbee action,DoorLock
Lock back porch door deadbolt before going to sleep via offline smart home voice assistant,DoorLock
Is the front main entrance smart lock currently secured automated routine schedule 3,DoorLock
Trigger deadbolt motorized latch to lock position voice prompt dispatch priority,DoorLock
Grant temporary keypad access code for cleaning service command executed for room 1,DoorLock
Engage safety deadlock on front security door right now please confirm Zigbee action,DoorLock
Lock garage entry door into the kitchen hallway via offline smart home voice assistant,DoorLock
Unlock storage room magnetic door lock automated routine schedule 8,DoorLock
Ensure all smart door deadbolts are locked and armed voice prompt dispatch priority,DoorLock
Lock the front entrance smart door deadbolt immediately command executed for room 6,DoorLock
Unlock front door deadbolt for delivery courier guest right now please confirm Zigbee action,DoorLock
Engage motorized deadbolt lock on rear patio sliding door via offline smart home voice assistant,DoorLock
Check status if garage roller door is locked securely automated routine schedule 3,DoorLock
Auto lock all exterior entry doors after midnight voice prompt dispatch priority,DoorLock
Arm door security sensor and engage electronic lock command executed for room 3,DoorLock
Unlock side gate electronic strike latch with guest passcode right now please confirm Zigbee action,DoorLock
Lock back porch door deadbolt before going to sleep via offline smart home voice assistant,DoorLock
Is the front main entrance smart lock currently secured automated routine schedule 8,DoorLock
Trigger deadbolt motorized latch to lock position voice prompt dispatch priority,DoorLock
Grant temporary keypad access code for cleaning service command executed for room 0,DoorLock
Engage safety deadlock on front security door right now please confirm Zigbee action,DoorLock
Lock garage entry door into the kitchen hallway via offline smart home voice assistant,DoorLock
Unlock storage room magnetic door lock automated routine schedule 3,DoorLock
Ensure all smart door deadbolts are locked and armed voice prompt dispatch priority,DoorLock
Lock the front entrance smart door deadbolt immediately command executed for room 5,DoorLock
Unlock front door deadbolt for delivery courier guest right now please confirm Zigbee action,DoorLock
Engage motorized deadbolt lock on rear patio sliding door via offline smart home voice assistant,DoorLock
Check status if garage roller door is locked securely automated routine schedule 8,DoorLock
Auto lock all exterior entry doors after midnight voice prompt dispatch priority,DoorLock
Arm door security sensor and engage electronic lock command executed for room 2,DoorLock
Unlock side gate electronic strike latch with guest passcode right now please confirm Zigbee action,DoorLock
Lock back porch door deadbolt before going to sleep via offline smart home voice assistant,DoorLock
Is the front main entrance smart lock currently secured automated routine schedule 3,DoorLock
Trigger deadbolt motorized latch to lock position voice prompt dispatch priority,DoorLock
Grant temporary keypad access code for cleaning service command executed for room 7,DoorLock
Engage safety deadlock on front security door right now please confirm Zigbee action,DoorLock
Lock garage entry door into the kitchen hallway via offline smart home voice assistant,DoorLock
Unlock storage room magnetic door lock automated routine schedule 8,DoorLock
Ensure all smart door deadbolts are locked and armed voice prompt dispatch priority,DoorLock
Lock the front entrance smart door deadbolt immediately command executed for room 4,DoorLock
Unlock front door deadbolt for delivery courier guest right now please confirm Zigbee action,DoorLock
Engage motorized deadbolt lock on rear patio sliding door via offline smart home voice assistant,DoorLock
Check status if garage roller door is locked securely automated routine schedule 3,DoorLock
Auto lock all exterior entry doors after midnight voice prompt dispatch priority,DoorLock
Arm door security sensor and engage electronic lock command executed for room 1,DoorLock
Unlock side gate electronic strike latch with guest passcode right now please confirm Zigbee action,DoorLock
Lock back porch door deadbolt before going to sleep via offline smart home voice assistant,DoorLock
Is the front main entrance smart lock currently secured automated routine schedule 8,DoorLock
Trigger deadbolt motorized latch to lock position voice prompt dispatch priority,DoorLock
Grant temporary keypad access code for cleaning service command executed for room 6,DoorLock
Engage safety deadlock on front security door right now please confirm Zigbee action,DoorLock
Lock garage entry door into the kitchen hallway via offline smart home voice assistant,DoorLock
Unlock storage room magnetic door lock automated routine schedule 3,DoorLock
Ensure all smart door deadbolts are locked and armed voice prompt dispatch priority,DoorLock
Lock the front entrance smart door deadbolt immediately command executed for room 3,DoorLock
Unlock front door deadbolt for delivery courier guest right now please confirm Zigbee action,DoorLock
Engage motorized deadbolt lock on rear patio sliding door via offline smart home voice assistant,DoorLock
Check status if garage roller door is locked securely automated routine schedule 8,DoorLock
Auto lock all exterior entry doors after midnight voice prompt dispatch priority,DoorLock
Arm door security sensor and engage electronic lock command executed for room 0,DoorLock
Unlock side gate electronic strike latch with guest passcode right now please confirm Zigbee action,DoorLock
Lock back porch door deadbolt before going to sleep via offline smart home voice assistant,DoorLock
Is the front main entrance smart lock currently secured automated routine schedule 3,DoorLock
Trigger deadbolt motorized latch to lock position voice prompt dispatch priority,DoorLock
Grant temporary keypad access code for cleaning service command executed for room 5,DoorLock
Engage safety deadlock on front security door right now please confirm Zigbee action,DoorLock
Lock garage entry door into the kitchen hallway via offline smart home voice assistant,DoorLock
Unlock storage room magnetic door lock automated routine schedule 8,DoorLock
Ensure all smart door deadbolts are locked and armed voice prompt dispatch priority,DoorLock
Lock the front entrance smart door deadbolt immediately command executed for room 2,DoorLock
Unlock front door deadbolt for delivery courier guest right now please confirm Zigbee action,DoorLock
Engage motorized deadbolt lock on rear patio sliding door via offline smart home voice assistant,DoorLock
Check status if garage roller door is locked securely automated routine schedule 3,DoorLock
Auto lock all exterior entry doors after midnight voice prompt dispatch priority,DoorLock
Arm door security sensor and engage electronic lock command executed for room 7,DoorLock
Unlock side gate electronic strike latch with guest passcode right now please confirm Zigbee action,DoorLock
Lock back porch door deadbolt before going to sleep via offline smart home voice assistant,DoorLock
Is the front main entrance smart lock currently secured automated routine schedule 8,DoorLock
Trigger deadbolt motorized latch to lock position voice prompt dispatch priority,DoorLock
Grant temporary keypad access code for cleaning service command executed for room 4,DoorLock
Engage safety deadlock on front security door right now please confirm Zigbee action,DoorLock
Lock garage entry door into the kitchen hallway via offline smart home voice assistant,DoorLock
Unlock storage room magnetic door lock automated routine schedule 3,DoorLock
Ensure all smart door deadbolts are locked and armed voice prompt dispatch priority,DoorLock
Lock the front entrance smart door deadbolt immediately command executed for room 1,DoorLock
Unlock front door deadbolt for delivery courier guest right now please confirm Zigbee action,DoorLock
Engage motorized deadbolt lock on rear patio sliding door via offline smart home voice assistant,DoorLock
Check status if garage roller door is locked securely automated routine schedule 8,DoorLock
Auto lock all exterior entry doors after midnight voice prompt dispatch priority,DoorLock
Arm door security sensor and engage electronic lock command executed for room 6,DoorLock
Unlock side gate electronic strike latch with guest passcode right now please confirm Zigbee action,DoorLock
Lock back porch door deadbolt before going to sleep via offline smart home voice assistant,DoorLock
Is the front main entrance smart lock currently secured automated routine schedule 3,DoorLock
Trigger deadbolt motorized latch to lock position voice prompt dispatch priority,DoorLock
Grant temporary keypad access code for cleaning service command executed for room 3,DoorLock
Engage safety deadlock on front security door right now please confirm Zigbee action,DoorLock
Lock garage entry door into the kitchen hallway via offline smart home voice assistant,DoorLock
Unlock storage room magnetic door lock automated routine schedule 8,DoorLock
Ensure all smart door deadbolts are locked and armed voice prompt dispatch priority,DoorLock
Lock the front entrance smart door deadbolt immediately command executed for room 0,DoorLock
Unlock front door deadbolt for delivery courier guest right now please confirm Zigbee action,DoorLock
Engage motorized deadbolt lock on rear patio sliding door via offline smart home voice assistant,DoorLock
Check status if garage roller door is locked securely automated routine schedule 3,DoorLock
Auto lock all exterior entry doors after midnight voice prompt dispatch priority,DoorLock
Arm door security sensor and engage electronic lock command executed for room 5,DoorLock
Unlock side gate electronic strike latch with guest passcode right now please confirm Zigbee action,DoorLock
Lock back porch door deadbolt before going to sleep via offline smart home voice assistant,DoorLock
Is the front main entrance smart lock currently secured automated routine schedule 8,DoorLock
Trigger deadbolt motorized latch to lock position voice prompt dispatch priority,DoorLock
Play smooth jazz music on living room soundbar speaker,MediaPlayback
Pause Spotify audio playback on bedroom speaker,MediaPlayback
Resume rock playlist streaming on kitchen smart speaker,MediaPlayback
Turn up audio volume on home theater sound system,MediaPlayback
Skip to next song track on active music playlist,MediaPlayback
Play classical piano radio station on living room audio,MediaPlayback
Mute sound on television speaker immediately,MediaPlayback
Lower audio volume on patio outdoor speaker by twenty percent,MediaPlayback
Shuffle acoustic playlist on whole house audio system,MediaPlayback
Stop podcast streaming on study room smart soundbar,MediaPlayback
Play morning news podcast on kitchen audio speaker,MediaPlayback
Stream ambient nature sounds for sleeping on soundbar,MediaPlayback
Connect smartphone audio to living room Bluetooth soundbar,MediaPlayback
Set volume level to four on all audio streaming devices,MediaPlayback
Pause audio playback across all connected wireless speakers,MediaPlayback
Play smooth jazz music on living room soundbar speaker command executed for room 7,MediaPlayback
Pause Spotify audio playback on bedroom speaker right now please confirm Zigbee action,MediaPlayback
Resume rock playlist streaming on kitchen smart speaker via offline smart home voice assistant,MediaPlayback
Turn up audio volume on home theater sound system automated routine schedule 8,MediaPlayback
Skip to next song track on active music playlist voice prompt dispatch priority,MediaPlayback
Play classical piano radio station on living room audio command executed for room 4,MediaPlayback
Mute sound on television speaker immediately right now please confirm Zigbee action,MediaPlayback
Lower audio volume on patio outdoor speaker by twenty percent via offline smart home voice assistant,MediaPlayback
Shuffle acoustic playlist on whole house audio system automated routine schedule 3,MediaPlayback
Stop podcast streaming on study room smart soundbar voice prompt dispatch priority,MediaPlayback
Play morning news podcast on kitchen audio speaker command executed for room 1,MediaPlayback
Stream ambient nature sounds for sleeping on soundbar right now please confirm Zigbee action,MediaPlayback
Connect smartphone audio to living room Bluetooth soundbar via offline smart home voice assistant,MediaPlayback
Set volume level to four on all audio streaming devices automated routine schedule 8,MediaPlayback
Pause audio playback across all connected wireless speakers voice prompt dispatch priority,MediaPlayback
Play smooth jazz music on living room soundbar speaker command executed for room 6,MediaPlayback
Pause Spotify audio playback on bedroom speaker right now please confirm Zigbee action,MediaPlayback
Resume rock playlist streaming on kitchen smart speaker via offline smart home voice assistant,MediaPlayback
Turn up audio volume on home theater sound system automated routine schedule 3,MediaPlayback
Skip to next song track on active music playlist voice prompt dispatch priority,MediaPlayback
Play classical piano radio station on living room audio command executed for room 3,MediaPlayback
Mute sound on television speaker immediately right now please confirm Zigbee action,MediaPlayback
Lower audio volume on patio outdoor speaker by twenty percent via offline smart home voice assistant,MediaPlayback
Shuffle acoustic playlist on whole house audio system automated routine schedule 8,MediaPlayback
Stop podcast streaming on study room smart soundbar voice prompt dispatch priority,MediaPlayback
Play morning news podcast on kitchen audio speaker command executed for room 0,MediaPlayback
Stream ambient nature sounds for sleeping on soundbar right now please confirm Zigbee action,MediaPlayback
Connect smartphone audio to living room Bluetooth soundbar via offline smart home voice assistant,MediaPlayback
Set volume level to four on all audio streaming devices automated routine schedule 3,MediaPlayback
Pause audio playback across all connected wireless speakers voice prompt dispatch priority,MediaPlayback
Play smooth jazz music on living room soundbar speaker command executed for room 5,MediaPlayback
Pause Spotify audio playback on bedroom speaker right now please confirm Zigbee action,MediaPlayback
Resume rock playlist streaming on kitchen smart speaker via offline smart home voice assistant,MediaPlayback
Turn up audio volume on home theater sound system automated routine schedule 8,MediaPlayback
Skip to next song track on active music playlist voice prompt dispatch priority,MediaPlayback
Play classical piano radio station on living room audio command executed for room 2,MediaPlayback
Mute sound on television speaker immediately right now please confirm Zigbee action,MediaPlayback
Lower audio volume on patio outdoor speaker by twenty percent via offline smart home voice assistant,MediaPlayback
Shuffle acoustic playlist on whole house audio system automated routine schedule 3,MediaPlayback
Stop podcast streaming on study room smart soundbar voice prompt dispatch priority,MediaPlayback
Play morning news podcast on kitchen audio speaker command executed for room 7,MediaPlayback
Stream ambient nature sounds for sleeping on soundbar right now please confirm Zigbee action,MediaPlayback
Connect smartphone audio to living room Bluetooth soundbar via offline smart home voice assistant,MediaPlayback
Set volume level to four on all audio streaming devices automated routine schedule 8,MediaPlayback
Pause audio playback across all connected wireless speakers voice prompt dispatch priority,MediaPlayback
Play smooth jazz music on living room soundbar speaker command executed for room 4,MediaPlayback
Pause Spotify audio playback on bedroom speaker right now please confirm Zigbee action,MediaPlayback
Resume rock playlist streaming on kitchen smart speaker via offline smart home voice assistant,MediaPlayback
Turn up audio volume on home theater sound system automated routine schedule 3,MediaPlayback
Skip to next song track on active music playlist voice prompt dispatch priority,MediaPlayback
Play classical piano radio station on living room audio command executed for room 1,MediaPlayback
Mute sound on television speaker immediately right now please confirm Zigbee action,MediaPlayback
Lower audio volume on patio outdoor speaker by twenty percent via offline smart home voice assistant,MediaPlayback
Shuffle acoustic playlist on whole house audio system automated routine schedule 8,MediaPlayback
Stop podcast streaming on study room smart soundbar voice prompt dispatch priority,MediaPlayback
Play morning news podcast on kitchen audio speaker command executed for room 6,MediaPlayback
Stream ambient nature sounds for sleeping on soundbar right now please confirm Zigbee action,MediaPlayback
Connect smartphone audio to living room Bluetooth soundbar via offline smart home voice assistant,MediaPlayback
Set volume level to four on all audio streaming devices automated routine schedule 3,MediaPlayback
Pause audio playback across all connected wireless speakers voice prompt dispatch priority,MediaPlayback
Play smooth jazz music on living room soundbar speaker command executed for room 3,MediaPlayback
Pause Spotify audio playback on bedroom speaker right now please confirm Zigbee action,MediaPlayback
Resume rock playlist streaming on kitchen smart speaker via offline smart home voice assistant,MediaPlayback
Turn up audio volume on home theater sound system automated routine schedule 8,MediaPlayback
Skip to next song track on active music playlist voice prompt dispatch priority,MediaPlayback
Play classical piano radio station on living room audio command executed for room 0,MediaPlayback
Mute sound on television speaker immediately right now please confirm Zigbee action,MediaPlayback
Lower audio volume on patio outdoor speaker by twenty percent via offline smart home voice assistant,MediaPlayback
Shuffle acoustic playlist on whole house audio system automated routine schedule 3,MediaPlayback
Stop podcast streaming on study room smart soundbar voice prompt dispatch priority,MediaPlayback
Play morning news podcast on kitchen audio speaker command executed for room 5,MediaPlayback
Stream ambient nature sounds for sleeping on soundbar right now please confirm Zigbee action,MediaPlayback
Connect smartphone audio to living room Bluetooth soundbar via offline smart home voice assistant,MediaPlayback
Set volume level to four on all audio streaming devices automated routine schedule 8,MediaPlayback
Pause audio playback across all connected wireless speakers voice prompt dispatch priority,MediaPlayback
Play smooth jazz music on living room soundbar speaker command executed for room 2,MediaPlayback
Pause Spotify audio playback on bedroom speaker right now please confirm Zigbee action,MediaPlayback
Resume rock playlist streaming on kitchen smart speaker via offline smart home voice assistant,MediaPlayback
Turn up audio volume on home theater sound system automated routine schedule 3,MediaPlayback
Skip to next song track on active music playlist voice prompt dispatch priority,MediaPlayback
Play classical piano radio station on living room audio command executed for room 7,MediaPlayback
Mute sound on television speaker immediately right now please confirm Zigbee action,MediaPlayback
Lower audio volume on patio outdoor speaker by twenty percent via offline smart home voice assistant,MediaPlayback
Shuffle acoustic playlist on whole house audio system automated routine schedule 8,MediaPlayback
Stop podcast streaming on study room smart soundbar voice prompt dispatch priority,MediaPlayback
Play morning news podcast on kitchen audio speaker command executed for room 4,MediaPlayback
Stream ambient nature sounds for sleeping on soundbar right now please confirm Zigbee action,MediaPlayback
Connect smartphone audio to living room Bluetooth soundbar via offline smart home voice assistant,MediaPlayback
Set volume level to four on all audio streaming devices automated routine schedule 3,MediaPlayback
Pause audio playback across all connected wireless speakers voice prompt dispatch priority,MediaPlayback
Play smooth jazz music on living room soundbar speaker command executed for room 1,MediaPlayback
Pause Spotify audio playback on bedroom speaker right now please confirm Zigbee action,MediaPlayback
Resume rock playlist streaming on kitchen smart speaker via offline smart home voice assistant,MediaPlayback
Turn up audio volume on home theater sound system automated routine schedule 8,MediaPlayback
Skip to next song track on active music playlist voice prompt dispatch priority,MediaPlayback
Play classical piano radio station on living room audio command executed for room 6,MediaPlayback
Mute sound on television speaker immediately right now please confirm Zigbee action,MediaPlayback
Lower audio volume on patio outdoor speaker by twenty percent via offline smart home voice assistant,MediaPlayback
Shuffle acoustic playlist on whole house audio system automated routine schedule 3,MediaPlayback
Stop podcast streaming on study room smart soundbar voice prompt dispatch priority,MediaPlayback
Play morning news podcast on kitchen audio speaker command executed for room 3,MediaPlayback
Stream ambient nature sounds for sleeping on soundbar right now please confirm Zigbee action,MediaPlayback
Connect smartphone audio to living room Bluetooth soundbar via offline smart home voice assistant,MediaPlayback
Set volume level to four on all audio streaming devices automated routine schedule 8,MediaPlayback
Pause audio playback across all connected wireless speakers voice prompt dispatch priority,MediaPlayback
Play smooth jazz music on living room soundbar speaker command executed for room 0,MediaPlayback
Pause Spotify audio playback on bedroom speaker right now please confirm Zigbee action,MediaPlayback
Resume rock playlist streaming on kitchen smart speaker via offline smart home voice assistant,MediaPlayback
Turn up audio volume on home theater sound system automated routine schedule 3,MediaPlayback
Skip to next song track on active music playlist voice prompt dispatch priority,MediaPlayback
Play classical piano radio station on living room audio command executed for room 5,MediaPlayback
Mute sound on television speaker immediately right now please confirm Zigbee action,MediaPlayback
Lower audio volume on patio outdoor speaker by twenty percent via offline smart home voice assistant,MediaPlayback
Shuffle acoustic playlist on whole house audio system automated routine schedule 8,MediaPlayback
Stop podcast streaming on study room smart soundbar voice prompt dispatch priority,MediaPlayback
Play morning news podcast on kitchen audio speaker command executed for room 2,MediaPlayback
Stream ambient nature sounds for sleeping on soundbar right now please confirm Zigbee action,MediaPlayback
Connect smartphone audio to living room Bluetooth soundbar via offline smart home voice assistant,MediaPlayback
Set volume level to four on all audio streaming devices automated routine schedule 3,MediaPlayback
Pause audio playback across all connected wireless speakers voice prompt dispatch priority,MediaPlayback
Play smooth jazz music on living room soundbar speaker command executed for room 7,MediaPlayback
Pause Spotify audio playback on bedroom speaker right now please confirm Zigbee action,MediaPlayback
Resume rock playlist streaming on kitchen smart speaker via offline smart home voice assistant,MediaPlayback
Turn up audio volume on home theater sound system automated routine schedule 8,MediaPlayback
Skip to next song track on active music playlist voice prompt dispatch priority,MediaPlayback
Play classical piano radio station on living room audio command executed for room 4,MediaPlayback
Mute sound on television speaker immediately right now please confirm Zigbee action,MediaPlayback
Lower audio volume on patio outdoor speaker by twenty percent via offline smart home voice assistant,MediaPlayback
Shuffle acoustic playlist on whole house audio system automated routine schedule 3,MediaPlayback
Stop podcast streaming on study room smart soundbar voice prompt dispatch priority,MediaPlayback
Play morning news podcast on kitchen audio speaker command executed for room 1,MediaPlayback
Stream ambient nature sounds for sleeping on soundbar right now please confirm Zigbee action,MediaPlayback
Connect smartphone audio to living room Bluetooth soundbar via offline smart home voice assistant,MediaPlayback
Set volume level to four on all audio streaming devices automated routine schedule 8,MediaPlayback
Pause audio playback across all connected wireless speakers voice prompt dispatch priority,MediaPlayback
Play smooth jazz music on living room soundbar speaker command executed for room 6,MediaPlayback
Pause Spotify audio playback on bedroom speaker right now please confirm Zigbee action,MediaPlayback
Resume rock playlist streaming on kitchen smart speaker via offline smart home voice assistant,MediaPlayback
Turn up audio volume on home theater sound system automated routine schedule 3,MediaPlayback
Skip to next song track on active music playlist voice prompt dispatch priority,MediaPlayback
Play classical piano radio station on living room audio command executed for room 3,MediaPlayback
Mute sound on television speaker immediately right now please confirm Zigbee action,MediaPlayback
Lower audio volume on patio outdoor speaker by twenty percent via offline smart home voice assistant,MediaPlayback
Shuffle acoustic playlist on whole house audio system automated routine schedule 8,MediaPlayback
Stop podcast streaming on study room smart soundbar voice prompt dispatch priority,MediaPlayback
Play morning news podcast on kitchen audio speaker command executed for room 0,MediaPlayback
Stream ambient nature sounds for sleeping on soundbar right now please confirm Zigbee action,MediaPlayback
Connect smartphone audio to living room Bluetooth soundbar via offline smart home voice assistant,MediaPlayback
Set volume level to four on all audio streaming devices automated routine schedule 3,MediaPlayback
Pause audio playback across all connected wireless speakers voice prompt dispatch priority,MediaPlayback
Play smooth jazz music on living room soundbar speaker command executed for room 5,MediaPlayback
Pause Spotify audio playback on bedroom speaker right now please confirm Zigbee action,MediaPlayback
Resume rock playlist streaming on kitchen smart speaker via offline smart home voice assistant,MediaPlayback
Turn up audio volume on home theater sound system automated routine schedule 8,MediaPlayback
Skip to next song track on active music playlist voice prompt dispatch priority,MediaPlayback
Play classical piano radio station on living room audio command executed for room 2,MediaPlayback
Mute sound on television speaker immediately right now please confirm Zigbee action,MediaPlayback
Lower audio volume on patio outdoor speaker by twenty percent via offline smart home voice assistant,MediaPlayback
Shuffle acoustic playlist on whole house audio system automated routine schedule 3,MediaPlayback
Stop podcast streaming on study room smart soundbar voice prompt dispatch priority,MediaPlayback
Play morning news podcast on kitchen audio speaker command executed for room 7,MediaPlayback
Stream ambient nature sounds for sleeping on soundbar right now please confirm Zigbee action,MediaPlayback
Connect smartphone audio to living room Bluetooth soundbar via offline smart home voice assistant,MediaPlayback
Set volume level to four on all audio streaming devices automated routine schedule 8,MediaPlayback
Pause audio playback across all connected wireless speakers voice prompt dispatch priority,MediaPlayback
Play smooth jazz music on living room soundbar speaker command executed for room 4,MediaPlayback
Pause Spotify audio playback on bedroom speaker right now please confirm Zigbee action,MediaPlayback
Resume rock playlist streaming on kitchen smart speaker via offline smart home voice assistant,MediaPlayback
Turn up audio volume on home theater sound system automated routine schedule 3,MediaPlayback
Skip to next song track on active music playlist voice prompt dispatch priority,MediaPlayback
Play classical piano radio station on living room audio command executed for room 1,MediaPlayback
Mute sound on television speaker immediately right now please confirm Zigbee action,MediaPlayback
Lower audio volume on patio outdoor speaker by twenty percent via offline smart home voice assistant,MediaPlayback
Shuffle acoustic playlist on whole house audio system automated routine schedule 8,MediaPlayback
Stop podcast streaming on study room smart soundbar voice prompt dispatch priority,MediaPlayback
Play morning news podcast on kitchen audio speaker command executed for room 6,MediaPlayback
Stream ambient nature sounds for sleeping on soundbar right now please confirm Zigbee action,MediaPlayback
Connect smartphone audio to living room Bluetooth soundbar via offline smart home voice assistant,MediaPlayback
Set volume level to four on all audio streaming devices automated routine schedule 3,MediaPlayback
Pause audio playback across all connected wireless speakers voice prompt dispatch priority,MediaPlayback
Play smooth jazz music on living room soundbar speaker command executed for room 3,MediaPlayback
Pause Spotify audio playback on bedroom speaker right now please confirm Zigbee action,MediaPlayback
Resume rock playlist streaming on kitchen smart speaker via offline smart home voice assistant,MediaPlayback
Turn up audio volume on home theater sound system automated routine schedule 8,MediaPlayback
Skip to next song track on active music playlist voice prompt dispatch priority,MediaPlayback
Play classical piano radio station on living room audio command executed for room 0,MediaPlayback
Mute sound on television speaker immediately right now please confirm Zigbee action,MediaPlayback
Lower audio volume on patio outdoor speaker by twenty percent via offline smart home voice assistant,MediaPlayback
Shuffle acoustic playlist on whole house audio system automated routine schedule 3,MediaPlayback
Stop podcast streaming on study room smart soundbar voice prompt dispatch priority,MediaPlayback
Play morning news podcast on kitchen audio speaker command executed for room 5,MediaPlayback
Stream ambient nature sounds for sleeping on soundbar right now please confirm Zigbee action,MediaPlayback
Connect smartphone audio to living room Bluetooth soundbar via offline smart home voice assistant,MediaPlayback
Set volume level to four on all audio streaming devices automated routine schedule 8,MediaPlayback
Pause audio playback across all connected wireless speakers voice prompt dispatch priority,MediaPlayback
Play smooth jazz music on living room soundbar speaker command executed for room 2,MediaPlayback
Pause Spotify audio playback on bedroom speaker right now please confirm Zigbee action,MediaPlayback
Resume rock playlist streaming on kitchen smart speaker via offline smart home voice assistant,MediaPlayback
Turn up audio volume on home theater sound system automated routine schedule 3,MediaPlayback
Skip to next song track on active music playlist voice prompt dispatch priority,MediaPlayback
Play classical piano radio station on living room audio command executed for room 7,MediaPlayback
Mute sound on television speaker immediately right now please confirm Zigbee action,MediaPlayback
Lower audio volume on patio outdoor speaker by twenty percent via offline smart home voice assistant,MediaPlayback
Shuffle acoustic playlist on whole house audio system automated routine schedule 8,MediaPlayback
Stop podcast streaming on study room smart soundbar voice prompt dispatch priority,MediaPlayback
Play morning news podcast on kitchen audio speaker command executed for room 4,MediaPlayback
Stream ambient nature sounds for sleeping on soundbar right now please confirm Zigbee action,MediaPlayback
Connect smartphone audio to living room Bluetooth soundbar via offline smart home voice assistant,MediaPlayback
Set volume level to four on all audio streaming devices automated routine schedule 3,MediaPlayback
Pause audio playback across all connected wireless speakers voice prompt dispatch priority,MediaPlayback
Play smooth jazz music on living room soundbar speaker command executed for room 1,MediaPlayback
Pause Spotify audio playback on bedroom speaker right now please confirm Zigbee action,MediaPlayback
Resume rock playlist streaming on kitchen smart speaker via offline smart home voice assistant,MediaPlayback
Turn up audio volume on home theater sound system automated routine schedule 8,MediaPlayback
Skip to next song track on active music playlist voice prompt dispatch priority,MediaPlayback
Play classical piano radio station on living room audio command executed for room 6,MediaPlayback
Mute sound on television speaker immediately right now please confirm Zigbee action,MediaPlayback
Lower audio volume on patio outdoor speaker by twenty percent via offline smart home voice assistant,MediaPlayback
Shuffle acoustic playlist on whole house audio system automated routine schedule 3,MediaPlayback
Stop podcast streaming on study room smart soundbar voice prompt dispatch priority,MediaPlayback
Play morning news podcast on kitchen audio speaker command executed for room 3,MediaPlayback
Stream ambient nature sounds for sleeping on soundbar right now please confirm Zigbee action,MediaPlayback
Connect smartphone audio to living room Bluetooth soundbar via offline smart home voice assistant,MediaPlayback
Set volume level to four on all audio streaming devices automated routine schedule 8,MediaPlayback
Pause audio playback across all connected wireless speakers voice prompt dispatch priority,MediaPlayback
Play smooth jazz music on living room soundbar speaker command executed for room 0,MediaPlayback
Pause Spotify audio playback on bedroom speaker right now please confirm Zigbee action,MediaPlayback
Resume rock playlist streaming on kitchen smart speaker via offline smart home voice assistant,MediaPlayback
Turn up audio volume on home theater sound system automated routine schedule 3,MediaPlayback
Skip to next song track on active music playlist voice prompt dispatch priority,MediaPlayback
Play classical piano radio station on living room audio command executed for room 5,MediaPlayback
Mute sound on television speaker immediately right now please confirm Zigbee action,MediaPlayback
Lower audio volume on patio outdoor speaker by twenty percent via offline smart home voice assistant,MediaPlayback
Shuffle acoustic playlist on whole house audio system automated routine schedule 8,MediaPlayback
Stop podcast streaming on study room smart soundbar voice prompt dispatch priority,MediaPlayback
